"{""name"": ""Tesco Fun Animal Beach Towel"""," ""price"": 7.87"," ""breadcrumbs"": ""Home ~ Home & Ents ~ Bathroom Accessories & Towels ~ Towels"""
"{""name"": ""Bondi Sands Aero Self Tanning Foam 225Ml"""," ""price"": 31.16"," ""breadcrumbs"": ""Home ~ Health & Beauty ~ Body Skincare ~ Fake Tan"""
"{""name"": ""Skinny Tan Gradual Tanner 125Ml"""," ""price"": 24.6"," ""breadcrumbs"": ""Home ~ Health & Beauty ~ Body Skincare ~ Fake Tan"""
"{""name"": ""Skinny Tan Moisture Mousse Express 150Ml"""," ""price"": 45.92"," ""breadcrumbs"": ""Home ~ Health & Beauty ~ Body Skincare ~ Fake Tan"""
"{""name"": ""Bondi Sands 1 Hour Express Foam 225Ml"""," ""price"": 31.14"," ""breadcrumbs"": ""Home ~ Health & Beauty ~ Body Skincare ~ Fake Tan"""
"{""name"": ""Bondi Sands Liquid Gold Tan Oil 270Ml"""," ""price"": 24.6"," ""breadcrumbs"": ""Home ~ Health & Beauty ~ Body Skincare ~ Fake Tan"""
"{""name"": ""Skinny Tan Coconut Water Tanning Mist 150Ml"""," ""price"": 36.08"," ""breadcrumbs"": ""Home ~ Health & Beauty ~ Body Skincare ~ Fake Tan"""
"{""name"": ""Tesco Finest Sun Dried Tomato Garlic & Basil Sauce 340G"""," ""price"": 2.3"," ""breadcrumbs"": ""Home ~ Food Cupboard ~ Cooking Sauces"
"{""name"": ""Superfood Bakery Joy Makers Organic Brownie Mix 287G"""," ""price"": 4.9"," ""breadcrumbs"": ""Home ~ Food Cupboard ~ Home Baking ~ Vegan & Free From Baking"""
"{""name"": ""Dr. Oetker Red Velvet Cake Mix 425G"""," ""price"": 3.28"," ""breadcrumbs"": ""Home ~ Food Cupboard ~ Home Baking ~ Ready Made Mixes"""
"{""name"": ""Heineken 0.0 Alcohol Free Beer 4X330ml"""," ""price"": 5.74"," ""breadcrumbs"": ""Home ~ Drinks ~ Alcohol Free & Low Alcohol Drinks ~ Alcohol Free & Low Alcohol Beer & Cider"""
"{""name"": ""Cadbury Hot Chocolate Cocoa Powder 250G"""," ""price"": 3.28"," ""breadcrumbs"": ""Home ~ Drinks ~ Hot Chocolate & Malted Drinks ~ Hot Chocolate & Cocoa"""
"{""name"": ""Sudocrem Antiseptic Healing Cream 60G"""," ""price"": 3.28"," ""breadcrumbs"": ""Home ~ Baby ~ Baby & Toddler Toiletries ~ Nappy Cream"""
"{""name"": ""Nuby Water Wheel"""," ""price"": 16.4"," ""breadcrumbs"": ""Home ~ Home & Ents ~ Toys & Games ~ Baby & Toddler Toys"""
"{""name"": ""Dark Horse Merlot 75Cl"""," ""price"": 13.94"," ""breadcrumbs"": ""Home ~ Drinks ~ Wine ~ Red Wine"""
"{""name"": ""Hardys Varietal Range Chardonnay 75Cl"""," ""price"": 9.84"," ""breadcrumbs"": ""Home ~ Drinks ~ Wine ~ White Wine"""
"{""name"": ""Nip & Fab Salicylic Fix Day Pads 60 Pack"""," ""price"": 21.32"," ""breadcrumbs"": ""Home ~ Health & Beauty ~ Face Skincare ~ Face Cleansing"""
"{""name"": ""Always Platinum Normal Size 1 Sanitary Towels With Wings 12"""," ""price"": 2.46"," ""breadcrumbs"": ""Home ~ Health & Beauty ~ Women's Toiletries ~ Sanitary Protection & Intimate Wash"""
"{""name"": ""Wellbio 10 Billion Cfu Capsules X30"""," ""price"": 27.8"," ""breadcrumbs"": ""Home ~ Health & Beauty ~ Vitamins"
"{""name"": ""Edinburgh Gin 70Cl"""," ""price"": 45.92"," ""breadcrumbs"": ""Home ~ Drinks ~ Spirits ~ Gin"""
"{""name"": ""Webbox Supreme Chub Roll Beef & Lamb 720G"""," ""price"": 1.15"," ""breadcrumbs"": ""Home ~ Pets ~ Dog Food & Accessories ~ Dry Dog Food & Mixer"""
"{""name"": ""Dettol Surface Cleanser Wipes 72S"""," ""price"": 3.28"," ""breadcrumbs"": ""Home ~ Household ~ Cleaning ~ Multipurpose & Antibacterial Cleaners"""
"{""name"": ""Whiskas Adult Complete Duck & Turkey 2Kg"""," ""price"": 6.54"," ""breadcrumbs"": ""Home ~ Pets ~ Cat Food & Accessories ~ Bulk Cat Food"""
"{""name"": ""Henri Wintermans Corona Sumatra Single"""," ""price"": 9.99"," ""breadcrumbs"": ""Home ~ Home & Ents ~ Newsagent & Tobacconist ~ Tobacconist"""
"{""name"": ""Tesco Girl Talk Holo B5 Notebook"""," ""price"": 4.92"," ""breadcrumbs"": ""Home ~ Home & Ents ~ Stationery"
"{""name"": ""Assassin's Creed Valhalla Xbox One Series X"""," ""price"": 47.56"," ""breadcrumbs"": ""Home ~ Home & Ents ~ Gaming"
"{""name"": ""Womans Own"""," ""price"": 2.3"," ""breadcrumbs"": ""Home ~ Home & Ents ~ Newsagent & Tobacconist ~ Magazines"""
"{""name"": ""Salter 1063 Kitchen Scale"""," ""price"": 16.4"," ""breadcrumbs"": ""Home ~ Home & Ents ~ Cooking & Dining ~ Food Preparation"""
"{""name"": ""Tesco Y Peeler"""," ""price"": 2.46"," ""breadcrumbs"": ""Home ~ Home & Ents ~ Cooking & Dining ~ Kitchen Utensils"""
"{""name"": ""Hp 302 Xl Tri Color Printer Ink Cartridge"""," ""price"": 49.2"," ""breadcrumbs"": ""Home ~ Home & Ents ~ Printer Inks ~ HP Ink"""
"{""name"": ""Fox & Ivy Chantilly Dipping Bowl"""," ""price"": 4.1"," ""breadcrumbs"": ""Home ~ Home & Ents ~ Cooking & Dining ~ Tableware"""
"{""name"": ""Tesco Coconut Cream 160Ml"""," ""price"": 1.64"," ""breadcrumbs"": ""Home ~ Food Cupboard ~ Cooking Sauces"
"{""name"": ""Tesco Low Calorie Indian Tonic Water 1 Litre"""," ""price"": 0.82"," ""breadcrumbs"": ""Home ~ Drinks ~ Adult Soft Drinks & Mixers ~ Tonic & Mixers"""
"{""name"": ""Garnier Olia 6.0 Light Brown Permanent Hair Dye"""," ""price"": 11.48"," ""breadcrumbs"": ""Home ~ Health & Beauty ~ Hair Colourants & Dyes ~ Permanent Hair Dye"""
"{""name"": ""Leobancroft Kids 24 Pack Mini Band Pastel"""," ""price"": 4.1"," ""breadcrumbs"": ""Home ~ Health & Beauty ~ Haircare & Styling ~ Hair Accessories"""
"{""name"": ""Good Boy Wagtastic Chicken Dumbells 350G"""," ""price"": 12.3"," ""breadcrumbs"": ""Home ~ Pets ~ Dog Food & Accessories ~ Bulk Dog Food"""
"{""name"": ""Sterling New Superkings Green 20 Cigarettes"""," ""price"": 16.81"," ""breadcrumbs"": ""Home ~ Home & Ents ~ Newsagent & Tobacconist ~ Tobacconist"""
"{""name"": ""Yankee Large Jar Cosy Up"""," ""price"": 22.96"," ""breadcrumbs"": ""Home ~ Home & Ents ~ Home Accessories ~ Candles"""
"{""name"": ""Wagtastic Treat Chicken Fillets 320G"""," ""price"": 12.3"," ""breadcrumbs"": ""Home ~ Pets ~ Dog Food & Accessories ~ Bulk Dog Food"""
"{""name"": ""Tesco Meaty Rolls Treats 500G"""," ""price"": 1.56"," ""breadcrumbs"": ""Home ~ Pets ~ Dog Food & Accessories ~ Dog Treats"
"{""name"": ""Players Bright 20 Pack"""," ""price"": 15.58"," ""breadcrumbs"": ""Home ~ Home & Ents ~ Newsagent & Tobacconist ~ Tobacconist"""
"{""name"": ""Tesco Superhero Masks 6 Pack"""," ""price"": 2.46"," ""breadcrumbs"": ""Home ~ Home & Ents ~ Party Decorations & Party Supplies ~ Party Accessories"""
"{""name"": ""T.Tiaras 6 Pack"""," ""price"": 2.46"," ""breadcrumbs"": ""Home ~ Home & Ents ~ Party Decorations & Party Supplies ~ Party Accessories"""
"{""name"": ""Pinata Stick And Mask"""," ""price"": 3.28"," ""breadcrumbs"": ""Home ~ Home & Ents ~ Party Decorations & Party Supplies ~ Party Accessories"""
"{""name"": ""Scentos Scented Markers"""," ""price"": 2.46"," ""breadcrumbs"": ""Home ~ Home & Ents ~ Party Decorations & Party Supplies ~ Party Accessories"""
"{""name"": ""Bee Pom Pom Pens"""," ""price"": 2.46"," ""breadcrumbs"": ""Home ~ Home & Ents ~ Party Decorations & Party Supplies ~ Party Accessories"""
"{""name"": ""Crayons Party Bag 6 Pack"""," ""price"": 3.28"," ""breadcrumbs"": ""Home ~ Home & Ents ~ Party Decorations & Party Supplies ~ Party Accessories"""
"{""name"": ""Guitar Party Glasses"""," ""price"": 4.1"," ""breadcrumbs"": ""Home ~ Home & Ents ~ Party Decorations & Party Supplies ~ Party Accessories"""
"{""name"": ""Rose Gold Decoration Discs"""," ""price"": 3.28"," ""breadcrumbs"": ""Home ~ Home & Ents ~ Party Decorations & Party Supplies ~ Party Accessories"""
"{""name"": ""Rubber Ducks 4 Pack"""," ""price"": 3.28"," ""breadcrumbs"": ""Home ~ Home & Ents ~ Party Decorations & Party Supplies ~ Party Accessories"""
"{""name"": ""Rainbow Bouncy Putty"""," ""price"": 3.28"," ""breadcrumbs"": ""Home ~ Home & Ents ~ Party Decorations & Party Supplies ~ Party Accessories"""
"{""name"": ""Magic Growing Tree"""," ""price"": 3.28"," ""breadcrumbs"": ""Home ~ Home & Ents ~ Party Decorations & Party Supplies ~ Party Accessories"""
"{""name"": ""Scented Bath Bomb"""," ""price"": 3.28"," ""breadcrumbs"": ""Home ~ Home & Ents ~ Party Decorations & Party Supplies ~ Party Accessories"""
"{""name"": ""Go Flo Snow"""," ""price"": 3.28"," ""breadcrumbs"": ""Home ~ Home & Ents ~ Party Decorations & Party Supplies ~ Party Accessories"""
"{""name"": ""Tesco Mix It Up Game"""," ""price"": 3.28"," ""breadcrumbs"": ""Home ~ Home & Ents ~ Party Decorations & Party Supplies ~ Party Accessories"""
"{""name"": ""Scentos On The Go Activity Bags"""," ""price"": 3.28"," ""breadcrumbs"": ""Home ~ Home & Ents ~ Party Decorations & Party Supplies ~ Party Accessories"""
"{""name"": ""Tesco Snakes & Ladders Travel Game"""," ""price"": 3.28"," ""breadcrumbs"": ""Home ~ Home & Ents ~ Party Decorations & Party Supplies ~ Party Accessories"""
"{""name"": ""Sugar Rush Scented Cloud Sand"""," ""price"": 3.28"," ""breadcrumbs"": ""Home ~ Home & Ents ~ Party Decorations & Party Supplies ~ Party Accessories"""
"{""name"": ""Rainbow Chunky Ring 4 Pack"""," ""price"": 4.92"," ""breadcrumbs"": ""Home ~ Home & Ents ~ Party Decorations & Party Supplies ~ Party Accessories"""
"{""name"": ""Princess Cone Hat"""," ""price"": 6.56"," ""breadcrumbs"": ""Home ~ Home & Ents ~ Party Decorations & Party Supplies ~ Party Accessories"""
"{""name"": ""20 Copper Wire Lights"""," ""price"": 6.56"," ""breadcrumbs"": ""Home ~ Home & Ents ~ Party Decorations & Party Supplies ~ Party Accessories"""
"{""name"": ""Led Bottle Lights"""," ""price"": 6.56"," ""breadcrumbs"": ""Home ~ Home & Ents ~ Party Decorations & Party Supplies ~ Party Accessories"""
"{""name"": ""Colours Decorating Kit"""," ""price"": 9.84"," ""breadcrumbs"": ""Home ~ Home & Ents ~ Party Decorations & Party Supplies ~ Party Accessories"""
"{""name"": ""Tesco Unicorn Scratch Mask 6 Pack"""," ""price"": 3.28"," ""breadcrumbs"": ""Home ~ Home & Ents ~ Party Decorations & Party Supplies ~ Party Accessories"""
"{""name"": ""Gummi Zone 450G"""," ""price"": 9.84"," ""breadcrumbs"": ""Home ~ Home & Ents ~ Party Decorations & Party Supplies ~ Party Accessories"""
"{""name"": ""Tesco Numerical Candle 1"""," ""price"": 0.98"," ""breadcrumbs"": ""Home ~ Home & Ents ~ Party Decorations & Party Supplies ~ Birthday Candles"""
"{""name"": ""Tesco Numerical Candle 3"""," ""price"": 0.98"," ""breadcrumbs"": ""Home ~ Home & Ents ~ Party Decorations & Party Supplies ~ Birthday Candles"""
"{""name"": ""Tesco Numerical Candle 5"""," ""price"": 0.98"," ""breadcrumbs"": ""Home ~ Home & Ents ~ Party Decorations & Party Supplies ~ Birthday Candles"""
"{""name"": ""Tesco Large Birthday Pink Badge"""," ""price"": 2.05"," ""breadcrumbs"": ""Home ~ Home & Ents ~ Party Decorations & Party Supplies ~ Banners"
"{""name"": ""Tesco Crystal Balloons 10 Pack"""," ""price"": 2.05"," ""breadcrumbs"": ""Home ~ Home & Ents ~ Party Decorations & Party Supplies ~ Balloons"""
"{""name"": ""Tesco Holographic Balloon Ribbon"""," ""price"": 1.64"," ""breadcrumbs"": ""Home ~ Home & Ents ~ Party Decorations & Party Supplies ~ Balloons"""
"{""name"": ""Tesco Numerical Candle 6"""," ""price"": 0.98"," ""breadcrumbs"": ""Home ~ Home & Ents ~ Party Decorations & Party Supplies ~ Birthday Candles"""
"{""name"": ""Tesco Heart Balloons 10 Pack"""," ""price"": 2.05"," ""breadcrumbs"": ""Home ~ Home & Ents ~ Party Decorations & Party Supplies ~ Balloons"""
"{""name"": ""Tesco Neon Balloons 10 Pack"""," ""price"": 2.05"," ""breadcrumbs"": ""Home ~ Home & Ents ~ Party Decorations & Party Supplies ~ Balloons"""
"{""name"": ""Tesco Age 18 Balloons 6 Pack"""," ""price"": 2.46"," ""breadcrumbs"": ""Home ~ Home & Ents ~ Party Decorations & Party Supplies ~ Balloons"""
"{""name"": ""Tesco Age 21 Balloons 6 Pack"""," ""price"": 2.46"," ""breadcrumbs"": ""Home ~ Home & Ents ~ Party Decorations & Party Supplies ~ Balloons"""
"{""name"": ""Tesco Age 40 Balloons 6 Pack"""," ""price"": 2.46"," ""breadcrumbs"": ""Home ~ Home & Ents ~ Party Decorations & Party Supplies ~ Balloons"""
"{""name"": ""Talking Tables Confetti Ballons Pastel"""," ""price"": 3.28"," ""breadcrumbs"": ""Home ~ Home & Ents ~ Party Decorations & Party Supplies ~ Balloons"""
"{""name"": ""Tesco Age 30 Balloons 6 Pack"""," ""price"": 2.46"," ""breadcrumbs"": ""Home ~ Home & Ents ~ Party Decorations & Party Supplies ~ Balloons"""
"{""name"": ""Talking Tables Confetti Ballons Gold"""," ""price"": 3.28"," ""breadcrumbs"": ""Home ~ Home & Ents ~ Party Decorations & Party Supplies ~ Balloons"""
"{""name"": ""Illooms Air Filled Dino"""," ""price"": 5.74"," ""breadcrumbs"": ""Home ~ Home & Ents ~ Party Decorations & Party Supplies ~ Balloons"""
"{""name"": ""Honeycomb Balloon Garland"""," ""price"": 4.92"," ""breadcrumbs"": ""Home ~ Home & Ents ~ Party Decorations & Party Supplies ~ Balloons"""
"{""name"": ""Illooms Air Filled Unicorn"""," ""price"": 5.74"," ""breadcrumbs"": ""Home ~ Home & Ents ~ Party Decorations & Party Supplies ~ Balloons"""
"{""name"": ""Blue Balloon Arch 60 Balloons"""," ""price"": 16.4"," ""breadcrumbs"": ""Home ~ Home & Ents ~ Party Decorations & Party Supplies ~ Balloons"""
"{""name"": ""Pink Balloon Arch 60 Balloons"""," ""price"": 16.4"," ""breadcrumbs"": ""Home ~ Home & Ents ~ Party Decorations & Party Supplies ~ Balloons"""
"{""name"": ""Unicorn Figure Balloon"""," ""price"": 6.56"," ""breadcrumbs"": ""Home ~ Home & Ents ~ Party Decorations & Party Supplies ~ Balloons"""
"{""name"": ""Tesco Pink Balloons 15Pk"""," ""price"": 1.64"," ""breadcrumbs"": ""Home ~ Home & Ents ~ Party Decorations & Party Supplies ~ Balloons"""
"{""name"": ""Tesco Purple Balloons 15Pk"""," ""price"": 1.64"," ""breadcrumbs"": ""Home ~ Home & Ents ~ Party Decorations & Party Supplies ~ Balloons"""
"{""name"": ""Tesco Blue Balloons 15Pk"""," ""price"": 1.64"," ""breadcrumbs"": ""Home ~ Home & Ents ~ Party Decorations & Party Supplies ~ Balloons"""
"{""name"": ""Tesco Star Balloon 10 Pack"""," ""price"": 2.05"," ""breadcrumbs"": ""Home ~ Home & Ents ~ Party Decorations & Party Supplies ~ Balloons"""
"{""name"": ""Tesco Birthday Girl Balloons 10 Pack"""," ""price"": 2.05"," ""breadcrumbs"": ""Home ~ Home & Ents ~ Party Decorations & Party Supplies ~ Balloons"""
"{""name"": ""Tesco Pearlised Black Balloons 10 Pack"""," ""price"": 2.05"," ""breadcrumbs"": ""Home ~ Home & Ents ~ Party Decorations & Party Supplies ~ Balloons"""
"{""name"": ""Tesco Happy B Day Balloons Pink 10 Pack"""," ""price"": 2.05"," ""breadcrumbs"": ""Home ~ Home & Ents ~ Party Decorations & Party Supplies ~ Balloons"""
"{""name"": ""Tesco Silver Balloons 10 Pack"""," ""price"": 2.05"," ""breadcrumbs"": ""Home ~ Home & Ents ~ Party Decorations & Party Supplies ~ Balloons"""
"{""name"": ""Sterling Screws And Wall Plugs Large Set"""," ""price"": 4.1"," ""breadcrumbs"": ""Home ~ Home & Ents ~ DIY & Car Care ~ DIY"""
"{""name"": ""Tesco 3Pc Microfibre Cloths 3 Pack"""," ""price"": 3.28"," ""breadcrumbs"": ""Home ~ Home & Ents ~ DIY & Car Care ~ DIY"""
"{""name"": ""Sterling Small Nails Large Set"""," ""price"": 4.1"," ""breadcrumbs"": ""Home ~ Home & Ents ~ DIY & Car Care ~ DIY"""
"{""name"": ""Sterling Cable Ties Set"""," ""price"": 4.1"," ""breadcrumbs"": ""Home ~ Home & Ents ~ DIY & Car Care ~ DIY"""
"{""name"": ""Tesco Funnel"""," ""price"": 3.28"," ""breadcrumbs"": ""Home ~ Home & Ents ~ DIY & Car Care ~ DIY"""
"{""name"": ""Duck Double Sided Interior Tape"""," ""price"": 4.1"," ""breadcrumbs"": ""Home ~ Home & Ents ~ DIY & Car Care ~ DIY"""
"{""name"": ""Dragon Mould Remover And Cleaner 3 In 1"""," ""price"": 4.92"," ""breadcrumbs"": ""Home ~ Home & Ents ~ DIY & Car Care ~ DIY"""
"{""name"": ""Tesco 8Oz Stubby Claw Hammer"""," ""price"": 4.92"," ""breadcrumbs"": ""Home ~ Home & Ents ~ DIY & Car Care ~ DIY"""
"{""name"": ""Tesco 16Oz Claw Hammer"""," ""price"": 7.38"," ""breadcrumbs"": ""Home ~ Home & Ents ~ DIY & Car Care ~ DIY"""
"{""name"": ""Command Picture Hanging Small Value Pack 12 Sets"""," ""price"": 9.84"," ""breadcrumbs"": ""Home ~ Home & Ents ~ DIY & Car Care ~ DIY"""
"{""name"": ""Master Lock 30Mm Solid Aluminium Padlock"""," ""price"": 7.38"," ""breadcrumbs"": ""Home ~ Home & Ents ~ DIY & Car Care ~ DIY"""
"{""name"": ""Tesco Caulking Gun"""," ""price"": 4.92"," ""breadcrumbs"": ""Home ~ Home & Ents ~ DIY & Car Care ~ DIY"""
"{""name"": ""Tesco 4 Inch Roller"""," ""price"": 3.61"," ""breadcrumbs"": ""Home ~ Home & Ents ~ DIY & Car Care ~ DIY"""
"{""name"": ""Command Large Canvas Hanger"""," ""price"": 5.74"," ""breadcrumbs"": ""Home ~ Home & Ents ~ DIY & Car Care ~ DIY"""
"{""name"": ""Command Small Hooks Value Pack 6 Pc"""," ""price"": 9.84"," ""breadcrumbs"": ""Home ~ Home & Ents ~ DIY & Car Care ~ DIY"""
"{""name"": ""Command Decorate Clip Value Pack 40 Clips 48 Strips"""," ""price"": 9.02"," ""breadcrumbs"": ""Home ~ Home & Ents ~ DIY & Car Care ~ DIY"""
"{""name"": ""Gorilla Epoxy 25Ml"""," ""price"": 8.2"," ""breadcrumbs"": ""Home ~ Home & Ents ~ DIY & Car Care ~ DIY"""
"{""name"": ""Master Lock 40Mm Padlock Hardend Steel Shackle"""," ""price"": 9.84"," ""breadcrumbs"": ""Home ~ Home & Ents ~ DIY & Car Care ~ DIY"""
"{""name"": ""Tesco 2Pc Microfibre Washndry"""," ""price"": 8.2"," ""breadcrumbs"": ""Home ~ Home & Ents ~ DIY & Car Care ~ DIY"""
"{""name"": ""Unibond Bathroom Sealant Clear 300Ml"""," ""price"": 11.48"," ""breadcrumbs"": ""Home ~ Home & Ents ~ DIY & Car Care ~ DIY"""
"{""name"": ""Unibond Triple Protection Grout Reviver"""," ""price"": 9.84"," ""breadcrumbs"": ""Home ~ Home & Ents ~ DIY & Car Care ~ DIY"""
"{""name"": ""Command Matte Hook"""," ""price"": 10.66"," ""breadcrumbs"": ""Home ~ Home & Ents ~ DIY & Car Care ~ DIY"""
"{""name"": ""Gorilla Clear Repair Tape"""," ""price"": 13.94"," ""breadcrumbs"": ""Home ~ Home & Ents ~ DIY & Car Care ~ DIY"""
"{""name"": ""Master Lock 40Mm Black Aluminium Combination Padlock"""," ""price"": 15.58"," ""breadcrumbs"": ""Home ~ Home & Ents ~ DIY & Car Care ~ DIY"""
"{""name"": ""Command Coat Hanger Assorted"""," ""price"": 13.94"," ""breadcrumbs"": ""Home ~ Home & Ents ~ DIY & Car Care ~ DIY"""
"{""name"": ""Tesco Loss Free 5 Pack Brush Set"""," ""price"": 9.84"," ""breadcrumbs"": ""Home ~ Home & Ents ~ DIY & Car Care ~ DIY"""
"{""name"": ""Master Lock Weatherproof Padlock"""," ""price"": 11.48"," ""breadcrumbs"": ""Home ~ Home & Ents ~ DIY & Car Care ~ DIY"""
"{""name"": ""Unibond Whiteteq Expanding Foam"""," ""price"": 13.12"," ""breadcrumbs"": ""Home ~ Home & Ents ~ DIY & Car Care ~ DIY"""
"{""name"": ""Master Lock Excel 45Mm Padlock"""," ""price"": 16.4"," ""breadcrumbs"": ""Home ~ Home & Ents ~ DIY & Car Care ~ DIY"""
"{""name"": ""Unibond Sealant Re-New"""," ""price"": 13.12"," ""breadcrumbs"": ""Home ~ Home & Ents ~ DIY & Car Care ~ DIY"""
"{""name"": ""Tesco Decorating Caulk 300Ml"""," ""price"": 2.46"," ""breadcrumbs"": ""Home ~ Home & Ents ~ DIY & Car Care ~ DIY"""
"{""name"": ""Tesco Wood Preserver & Fence Care Brush"""," ""price"": 1.07"," ""breadcrumbs"": ""Home ~ Home & Ents ~ DIY & Car Care ~ DIY"""
"{""name"": ""Unibond Aero 360 Refill Lavender"""," ""price"": 13.12"," ""breadcrumbs"": ""Home ~ Home & Ents ~ DIY & Car Care ~ DIY"""
"{""name"": ""Jml Handy Brite"""," ""price"": 16.38"," ""breadcrumbs"": ""Home ~ Home & Ents ~ DIY & Car Care ~ DIY"""
"{""name"": ""Dragon Universal All Purpose Filler 330G"""," ""price"": 4.92"," ""breadcrumbs"": ""Home ~ Home & Ents ~ DIY & Car Care ~ DIY"""
"{""name"": ""Tesco Multi Purpose Silicon Sealant 300Ml"""," ""price"": 4.92"," ""breadcrumbs"": ""Home ~ Home & Ents ~ DIY & Car Care ~ DIY"""
"{""name"": ""Tesco Purpose Filler 330G Tube"""," ""price"": 3.28"," ""breadcrumbs"": ""Home ~ Home & Ents ~ DIY & Car Care ~ DIY"""
"{""name"": ""Command Clear Utensil Hooks 3 Hook 4 Strips"""," ""price"": 4.1"," ""breadcrumbs"": ""Home ~ Home & Ents ~ DIY & Car Care ~ DIY"""
"{""name"": ""Tesco Loss Free Brush 1\"""""," ""price"": 2.46"," ""breadcrumbs"": ""Home ~ Home & Ents ~ DIY & Car Care ~ DIY"""
"{""name"": ""Gorilla Heavy Duty Mounting Tape"""," ""price"": 8.2"," ""breadcrumbs"": ""Home ~ Home & Ents ~ DIY & Car Care ~ DIY"""
"{""name"": ""Command White Wire Hooks 2 Pack"""," ""price"": 4.92"," ""breadcrumbs"": ""Home ~ Home & Ents ~ DIY & Car Care ~ DIY"""
"{""name"": ""Unibond Aero 360 Moisture Absorber"""," ""price"": 24.6"," ""breadcrumbs"": ""Home ~ Home & Ents ~ DIY & Car Care ~ DIY"""
"{""name"": ""Tesco Microfibre Glass Cloth"""," ""price"": 5.74"," ""breadcrumbs"": ""Home ~ Home & Ents ~ DIY & Car Care ~ DIY"""
"{""name"": ""Tesco Loss Free Brush 2\"""""," ""price"": 3.28"," ""breadcrumbs"": ""Home ~ Home & Ents ~ DIY & Car Care ~ DIY"""
"{""name"": ""Tesco All Purpose Ready Mixed Filler 750G Tub"""," ""price"": 3.28"," ""breadcrumbs"": ""Home ~ Home & Ents ~ DIY & Car Care ~ DIY"""
"{""name"": ""Tesco Loss Free 5 Pack Brush Set"""," ""price"": 9.84"," ""breadcrumbs"": ""Home ~ Home & Ents ~ DIY & Car Care ~ DIY"""
"{""name"": ""Gorilla Tape Handy Roll 9Mtr"""," ""price"": 4.92"," ""breadcrumbs"": ""Home ~ Home & Ents ~ DIY & Car Care ~ DIY"""
"{""name"": ""Dragon Universal All Purpose Filler 1.5 Kilograms"""," ""price"": 6.56"," ""breadcrumbs"": ""Home ~ Home & Ents ~ DIY & Car Care ~ DIY"""
"{""name"": ""Gorilla Clear Repair Tape"""," ""price"": 13.94"," ""breadcrumbs"": ""Home ~ Home & Ents ~ DIY & Car Care ~ DIY"""
"{""name"": ""Tesco 180Mm Combination Pliers"""," ""price"": 6.56"," ""breadcrumbs"": ""Home ~ Home & Ents ~ DIY & Car Care ~ DIY"""
"{""name"": ""Unibond Whiteteq Expanding Foam"""," ""price"": 13.12"," ""breadcrumbs"": ""Home ~ Home & Ents ~ DIY & Car Care ~ DIY"""
"{""name"": ""Jml Handy Brite"""," ""price"": 16.38"," ""breadcrumbs"": ""Home ~ Home & Ents ~ DIY & Car Care ~ DIY"""
"{""name"": ""Unibond Sealant Re-New"""," ""price"": 13.12"," ""breadcrumbs"": ""Home ~ Home & Ents ~ DIY & Car Care ~ DIY"""
"{""name"": ""Master Lock Excel 45Mm Padlock"""," ""price"": 16.4"," ""breadcrumbs"": ""Home ~ Home & Ents ~ DIY & Car Care ~ DIY"""
"{""name"": ""Command Coat Hanger Assorted"""," ""price"": 13.94"," ""breadcrumbs"": ""Home ~ Home & Ents ~ DIY & Car Care ~ DIY"""
"{""name"": ""Unibond Aero 360 Moisture Absorber"""," ""price"": 24.6"," ""breadcrumbs"": ""Home ~ Home & Ents ~ DIY & Car Care ~ DIY"""
"{""name"": ""Tesco Decorating Caulk 300Ml"""," ""price"": 2.46"," ""breadcrumbs"": ""Home ~ Home & Ents ~ DIY & Car Care ~ DIY"""
"{""name"": ""Tesco Wood Preserver & Fence Care Brush"""," ""price"": 1.07"," ""breadcrumbs"": ""Home ~ Home & Ents ~ DIY & Car Care ~ DIY"""
"{""name"": ""Tesco Multi Purpose Silicon Sealant 300Ml"""," ""price"": 4.92"," ""breadcrumbs"": ""Home ~ Home & Ents ~ DIY & Car Care ~ DIY"""
"{""name"": ""Dragon Universal All Purpose Filler 330G"""," ""price"": 4.92"," ""breadcrumbs"": ""Home ~ Home & Ents ~ DIY & Car Care ~ DIY"""
"{""name"": ""Tesco Purpose Filler 330G Tube"""," ""price"": 3.28"," ""breadcrumbs"": ""Home ~ Home & Ents ~ DIY & Car Care ~ DIY"""
"{""name"": ""Command Clear Utensil Hooks 3 Hook 4 Strips"""," ""price"": 4.1"," ""breadcrumbs"": ""Home ~ Home & Ents ~ DIY & Car Care ~ DIY"""
"{""name"": ""Unibond Aero 360 Refill Lavender"""," ""price"": 13.12"," ""breadcrumbs"": ""Home ~ Home & Ents ~ DIY & Car Care ~ DIY"""
"{""name"": ""Command White Wire Hooks 2 Pack"""," ""price"": 4.92"," ""breadcrumbs"": ""Home ~ Home & Ents ~ DIY & Car Care ~ DIY"""
"{""name"": ""Tesco Loss Free Brush 1\"""""," ""price"": 2.46"," ""breadcrumbs"": ""Home ~ Home & Ents ~ DIY & Car Care ~ DIY"""
"{""name"": ""Gorilla Heavy Duty Mounting Tape"""," ""price"": 8.2"," ""breadcrumbs"": ""Home ~ Home & Ents ~ DIY & Car Care ~ DIY"""
"{""name"": ""Tesco Loss Free Brush 2\"""""," ""price"": 3.28"," ""breadcrumbs"": ""Home ~ Home & Ents ~ DIY & Car Care ~ DIY"""
"{""name"": ""Tesco Microfibre Glass Cloth"""," ""price"": 5.74"," ""breadcrumbs"": ""Home ~ Home & Ents ~ DIY & Car Care ~ DIY"""
"{""name"": ""Tesco All Purpose Ready Mixed Filler 750G Tub"""," ""price"": 3.28"," ""breadcrumbs"": ""Home ~ Home & Ents ~ DIY & Car Care ~ DIY"""
"{""name"": ""Tesco 180Mm Combination Pliers"""," ""price"": 6.56"," ""breadcrumbs"": ""Home ~ Home & Ents ~ DIY & Car Care ~ DIY"""
"{""name"": ""Dragon Universal All Purpose Filler 1.5 Kilograms"""," ""price"": 6.56"," ""breadcrumbs"": ""Home ~ Home & Ents ~ DIY & Car Care ~ DIY"""
"{""name"": ""Gorilla Tape Handy Roll 9Mtr"""," ""price"": 4.92"," ""breadcrumbs"": ""Home ~ Home & Ents ~ DIY & Car Care ~ DIY"""
"{""name"": ""Tesco Loss Free 5 Pack Brush Set"""," ""price"": 9.84"," ""breadcrumbs"": ""Home ~ Home & Ents ~ DIY & Car Care ~ DIY"""
"{""name"": ""Gorilla Clear Repair Tape"""," ""price"": 13.94"," ""breadcrumbs"": ""Home ~ Home & Ents ~ DIY & Car Care ~ DIY"""
"{""name"": ""Master Lock Excel 45Mm Padlock"""," ""price"": 16.4"," ""breadcrumbs"": ""Home ~ Home & Ents ~ DIY & Car Care ~ DIY"""
"{""name"": ""Command Coat Hanger Assorted"""," ""price"": 13.94"," ""breadcrumbs"": ""Home ~ Home & Ents ~ DIY & Car Care ~ DIY"""
"{""name"": ""Unibond Whiteteq Expanding Foam"""," ""price"": 13.12"," ""breadcrumbs"": ""Home ~ Home & Ents ~ DIY & Car Care ~ DIY"""
"{""name"": ""Unibond Sealant Re-New"""," ""price"": 13.12"," ""breadcrumbs"": ""Home ~ Home & Ents ~ DIY & Car Care ~ DIY"""
"{""name"": ""Unibond Aero 360 Moisture Absorber"""," ""price"": 24.6"," ""breadcrumbs"": ""Home ~ Home & Ents ~ DIY & Car Care ~ DIY"""
"{""name"": ""Jml Handy Brite"""," ""price"": 16.38"," ""breadcrumbs"": ""Home ~ Home & Ents ~ DIY & Car Care ~ DIY"""
"{""name"": ""Tesco Wood Preserver & Fence Care Brush"""," ""price"": 1.07"," ""breadcrumbs"": ""Home ~ Home & Ents ~ DIY & Car Care ~ DIY"""
"{""name"": ""Tesco Decorating Caulk 300Ml"""," ""price"": 2.46"," ""breadcrumbs"": ""Home ~ Home & Ents ~ DIY & Car Care ~ DIY"""
"{""name"": ""Tesco Purpose Filler 330G Tube"""," ""price"": 3.28"," ""breadcrumbs"": ""Home ~ Home & Ents ~ DIY & Car Care ~ DIY"""
"{""name"": ""Command Clear Utensil Hooks 3 Hook 4 Strips"""," ""price"": 4.1"," ""breadcrumbs"": ""Home ~ Home & Ents ~ DIY & Car Care ~ DIY"""
"{""name"": ""Dragon Universal All Purpose Filler 330G"""," ""price"": 4.92"," ""breadcrumbs"": ""Home ~ Home & Ents ~ DIY & Car Care ~ DIY"""
"{""name"": ""Tesco Loss Free Brush 1\"""""," ""price"": 2.46"," ""breadcrumbs"": ""Home ~ Home & Ents ~ DIY & Car Care ~ DIY"""
"{""name"": ""Tesco Multi Purpose Silicon Sealant 300Ml"""," ""price"": 4.92"," ""breadcrumbs"": ""Home ~ Home & Ents ~ DIY & Car Care ~ DIY"""
"{""name"": ""Gorilla Heavy Duty Mounting Tape"""," ""price"": 8.2"," ""breadcrumbs"": ""Home ~ Home & Ents ~ DIY & Car Care ~ DIY"""
"{""name"": ""Unibond Aero 360 Refill Lavender"""," ""price"": 13.12"," ""breadcrumbs"": ""Home ~ Home & Ents ~ DIY & Car Care ~ DIY"""
"{""name"": ""Command White Wire Hooks 2 Pack"""," ""price"": 4.92"," ""breadcrumbs"": ""Home ~ Home & Ents ~ DIY & Car Care ~ DIY"""
"{""name"": ""Tesco Loss Free Brush 2\"""""," ""price"": 3.28"," ""breadcrumbs"": ""Home ~ Home & Ents ~ DIY & Car Care ~ DIY"""
"{""name"": ""Tesco All Purpose Ready Mixed Filler 750G Tub"""," ""price"": 3.28"," ""breadcrumbs"": ""Home ~ Home & Ents ~ DIY & Car Care ~ DIY"""
"{""name"": ""Tesco 180Mm Combination Pliers"""," ""price"": 6.56"," ""breadcrumbs"": ""Home ~ Home & Ents ~ DIY & Car Care ~ DIY"""
"{""name"": ""Gorilla Tape Handy Roll 9Mtr"""," ""price"": 4.92"," ""breadcrumbs"": ""Home ~ Home & Ents ~ DIY & Car Care ~ DIY"""
"{""name"": ""Yankee Candle Clean Cotton Car Jar Car Air Freshener"""," ""price"": 8.2"," ""breadcrumbs"": ""Home ~ Home & Ents ~ DIY & Car Care ~ Car Care"""
"{""name"": ""Tesco Microfibre Glass Cloth"""," ""price"": 5.74"," ""breadcrumbs"": ""Home ~ Home & Ents ~ DIY & Car Care ~ DIY"""
"{""name"": ""Tesco Microfibre Towel 220Gsm 70X70"""," ""price"": 3.28"," ""breadcrumbs"": ""Home ~ Home & Ents ~ DIY & Car Care ~ Car Care"""
"{""name"": ""Dragon Universal All Purpose Filler 1.5 Kilograms"""," ""price"": 6.56"," ""breadcrumbs"": ""Home ~ Home & Ents ~ DIY & Car Care ~ DIY"""
"{""name"": ""Tesco 4 Inch Roller"""," ""price"": 3.61"," ""breadcrumbs"": ""Home ~ Home & Ents ~ DIY & Car Care ~ DIY"""
"{""name"": ""Urbii Aux Aux Cable"""," ""price"": 4.92"," ""breadcrumbs"": ""Home ~ Home & Ents ~ DIY & Car Care ~ Car Care"""
"{""name"": ""Tesco Funnel"""," ""price"": 3.28"," ""breadcrumbs"": ""Home ~ Home & Ents ~ DIY & Car Care ~ DIY"""
"{""name"": ""Aromatherapy Ventis Bottle Cherry Air Freshener"""," ""price"": 4.1"," ""breadcrumbs"": ""Home ~ Home & Ents ~ DIY & Car Care ~ Car Care"""
"{""name"": ""Yankee Candle Midsummers Night Vent Car Air Freshener"""," ""price"": 8.2"," ""breadcrumbs"": ""Home ~ Home & Ents ~ DIY & Car Care ~ Car Care"""
"{""name"": ""Yankee Candle Fluffy Towel Car Air Freshener"""," ""price"": 4.1"," ""breadcrumbs"": ""Home ~ Home & Ents ~ DIY & Car Care ~ Car Care"""
"{""name"": ""Yankee Candle Clean Cotton Car Air Freshener"""," ""price"": 4.1"," ""breadcrumbs"": ""Home ~ Home & Ents ~ DIY & Car Care ~ Car Care"""
"{""name"": ""Yankee Candle Black Cherry Car Jar Air Freshener"""," ""price"": 4.1"," ""breadcrumbs"": ""Home ~ Home & Ents ~ DIY & Car Care ~ Car Care"""
"{""name"": ""Yankee Candle Black Coconut Car Air Freshener"""," ""price"": 4.1"," ""breadcrumbs"": ""Home ~ Home & Ents ~ DIY & Car Care ~ Car Care"""
"{""name"": ""Castrol Mag 10W/40 1L"""," ""price"": 16.4"," ""breadcrumbs"": ""Home ~ Home & Ents ~ DIY & Car Care ~ Car Care"""
"{""name"": ""Redex 10W-40 Part Synthetic 2L"""," ""price"": 21.32"," ""breadcrumbs"": ""Home ~ Home & Ents ~ DIY & Car Care ~ Car Care"""
"{""name"": ""Tesco Universal Bulb Kit"""," ""price"": 8.2"," ""breadcrumbs"": ""Home ~ Home & Ents ~ DIY & Car Care ~ Car Care"""
"{""name"": ""Aromatherapy Hawaii Can Cherry"""," ""price"": 4.92"," ""breadcrumbs"": ""Home ~ Home & Ents ~ DIY & Car Care ~ Car Care"""
"{""name"": ""Simoniz Microfibre Drying Cloth"""," ""price"": 9.84"," ""breadcrumbs"": ""Home ~ Home & Ents ~ DIY & Car Care ~ Car Care"""
"{""name"": ""Simoniz Air Con Refresh 150Ml"""," ""price"": 6.56"," ""breadcrumbs"": ""Home ~ Home & Ents ~ DIY & Car Care ~ Car Care"""
"{""name"": ""Redex Pre-Mot Diesel 400Ml"""," ""price"": 16.4"," ""breadcrumbs"": ""Home ~ Home & Ents ~ DIY & Car Care ~ Car Care"""
"{""name"": ""Tesco 10W40 Part Synthetic Oil 2L"""," ""price"": 16.4"," ""breadcrumbs"": ""Home ~ Home & Ents ~ DIY & Car Care ~ Car Care"""
"{""name"": ""Redex 5W-30 Vw 2L"""," ""price"": 26.24"," ""breadcrumbs"": ""Home ~ Home & Ents ~ DIY & Car Care ~ Car Care"""
"{""name"": ""Tesco 5W40 Fully Synthetic Oil 2L"""," ""price"": 19.68"," ""breadcrumbs"": ""Home ~ Home & Ents ~ DIY & Car Care ~ Car Care"""
"{""name"": ""Redex Adblue 4Lt"""," ""price"": 10.66"," ""breadcrumbs"": ""Home ~ Home & Ents ~ DIY & Car Care ~ Car Care"""
"{""name"": ""Tesco 5W30 Fully Synthetic Oil Ford 2L"""," ""price"": 19.68"," ""breadcrumbs"": ""Home ~ Home & Ents ~ DIY & Car Care ~ Car Care"""
"{""name"": ""Tesco 5W30 F. Synthetic Oil Bmw/Vx/Mb 2L"""," ""price"": 19.68"," ""breadcrumbs"": ""Home ~ Home & Ents ~ DIY & Car Care ~ Car Care"""
"{""name"": ""Castrol Edge 5W-30 1L"""," ""price"": 26.24"," ""breadcrumbs"": ""Home ~ Home & Ents ~ DIY & Car Care ~ Car Care"""
"{""name"": ""Tesco 15W40 Mineral Oil 2L"""," ""price"": 16.4"," ""breadcrumbs"": ""Home ~ Home & Ents ~ DIY & Car Care ~ Car Care"""
"{""name"": ""Ring First Aid Kit"""," ""price"": 19.68"," ""breadcrumbs"": ""Home ~ Home & Ents ~ DIY & Car Care ~ Car Care"""
"{""name"": ""Redex 5W-30 Peugeot & Citroen 2L"""," ""price"": 26.24"," ""breadcrumbs"": ""Home ~ Home & Ents ~ DIY & Car Care ~ Car Care"""
"{""name"": ""Simoniz Glass Wipes 20 Pack"""," ""price"": 4.92"," ""breadcrumbs"": ""Home ~ Home & Ents ~ DIY & Car Care ~ Car Care"""
"{""name"": ""Aromatherapy Car Air Freshener Llama"""," ""price"": 2.46"," ""breadcrumbs"": ""Home ~ Home & Ents ~ DIY & Car Care ~ Car Care"""
"{""name"": ""Aromatherapy Car Air Freshener Unicorn"""," ""price"": 2.46"," ""breadcrumbs"": ""Home ~ Home & Ents ~ DIY & Car Care ~ Car Care"""
"{""name"": ""Simoniz Glass Cleaner Trigger 500Ml"""," ""price"": 8.2"," ""breadcrumbs"": ""Home ~ Home & Ents ~ DIY & Car Care ~ Car Care"""
"{""name"": ""Simoniz Matte Dashboard Wipes 20 Pack"""," ""price"": 4.92"," ""breadcrumbs"": ""Home ~ Home & Ents ~ DIY & Car Care ~ Car Care"""
"{""name"": ""Tesco Glass And Insect Cleaner 500Ml"""," ""price"": 2.46"," ""breadcrumbs"": ""Home ~ Home & Ents ~ DIY & Car Care ~ Car Care"""
"{""name"": ""Tesco Jumbo Car Sponge"""," ""price"": 0.9"," ""breadcrumbs"": ""Home ~ Home & Ents ~ DIY & Car Care ~ Car Care"""
"{""name"": ""Tesco Carded Ice Air Freshener"""," ""price"": 1.64"," ""breadcrumbs"": ""Home ~ Home & Ents ~ DIY & Car Care ~ Car Care"""
"{""name"": ""Tesco Carded Ocean Air Freshener"""," ""price"": 1.64"," ""breadcrumbs"": ""Home ~ Home & Ents ~ DIY & Car Care ~ Car Care"""
"{""name"": ""Tesco Carded Fresh Linen Air Freshener"""," ""price"": 1.64"," ""breadcrumbs"": ""Home ~ Home & Ents ~ DIY & Car Care ~ Car Care"""
"{""name"": ""Tesco Upholstery Cleaner 500Ml"""," ""price"": 3.28"," ""breadcrumbs"": ""Home ~ Home & Ents ~ DIY & Car Care ~ Car Care"""
"{""name"": ""Tesco Tyre And Bumper Shine 500Ml"""," ""price"": 3.28"," ""breadcrumbs"": ""Home ~ Home & Ents ~ DIY & Car Care ~ Car Care"""
"{""name"": ""Simoniz Leather Wipes 20 Pack"""," ""price"": 4.92"," ""breadcrumbs"": ""Home ~ Home & Ents ~ DIY & Car Care ~ Car Care"""
"{""name"": ""Tesco Carded New Car Air Freshener"""," ""price"": 1.64"," ""breadcrumbs"": ""Home ~ Home & Ents ~ DIY & Car Care ~ Car Care"""
"{""name"": ""Tesco Wheel Cleaner 500Ml"""," ""price"": 3.28"," ""breadcrumbs"": ""Home ~ Home & Ents ~ DIY & Car Care ~ Car Care"""
"{""name"": ""Little Tree New Car"""," ""price"": 2.46"," ""breadcrumbs"": ""Home ~ Home & Ents ~ DIY & Car Care ~ Car Care"""
"{""name"": ""Tesco Car Shampoo 1L"""," ""price"": 2.46"," ""breadcrumbs"": ""Home ~ Home & Ents ~ DIY & Car Care ~ Car Care"""
"{""name"": ""Little Tree Black Ice"""," ""price"": 2.46"," ""breadcrumbs"": ""Home ~ Home & Ents ~ DIY & Car Care ~ Car Care"""
"{""name"": ""Simoniz Microfibre Wash Mitt"""," ""price"": 6.56"," ""breadcrumbs"": ""Home ~ Home & Ents ~ DIY & Car Care ~ Car Care"""
"{""name"": ""Ring First Aid Kit"""," ""price"": 19.68"," ""breadcrumbs"": ""Home ~ Home & Ents ~ DIY & Car Care ~ Car Care"""
"{""name"": ""Castrol Edge 5W-30 1L"""," ""price"": 26.24"," ""breadcrumbs"": ""Home ~ Home & Ents ~ DIY & Car Care ~ Car Care"""
"{""name"": ""Tesco 15W40 Mineral Oil 2L"""," ""price"": 16.4"," ""breadcrumbs"": ""Home ~ Home & Ents ~ DIY & Car Care ~ Car Care"""
"{""name"": ""Simoniz Glass Wipes 20 Pack"""," ""price"": 4.92"," ""breadcrumbs"": ""Home ~ Home & Ents ~ DIY & Car Care ~ Car Care"""
"{""name"": ""Jelly Belly Air Freshener Very Cherry"""," ""price"": 4.51"," ""breadcrumbs"": ""Home ~ Home & Ents ~ DIY & Car Care ~ Car Care"""
"{""name"": ""Tesco Jumbo Car Sponge"""," ""price"": 0.9"," ""breadcrumbs"": ""Home ~ Home & Ents ~ DIY & Car Care ~ Car Care"""
"{""name"": ""Redex 5W-30 Peugeot & Citroen 2L"""," ""price"": 26.24"," ""breadcrumbs"": ""Home ~ Home & Ents ~ DIY & Car Care ~ Car Care"""
"{""name"": ""Simoniz Matte Dashboard Wipes 20 Pack"""," ""price"": 4.92"," ""breadcrumbs"": ""Home ~ Home & Ents ~ DIY & Car Care ~ Car Care"""
"{""name"": ""Aromatherapy Car Air Freshener Unicorn"""," ""price"": 2.46"," ""breadcrumbs"": ""Home ~ Home & Ents ~ DIY & Car Care ~ Car Care"""
"{""name"": ""Aromatherapy Car Air Freshener Llama"""," ""price"": 2.46"," ""breadcrumbs"": ""Home ~ Home & Ents ~ DIY & Car Care ~ Car Care"""
"{""name"": ""Tesco Carded Ice Air Freshener"""," ""price"": 1.64"," ""breadcrumbs"": ""Home ~ Home & Ents ~ DIY & Car Care ~ Car Care"""
"{""name"": ""Tesco Glass And Insect Cleaner 500Ml"""," ""price"": 2.46"," ""breadcrumbs"": ""Home ~ Home & Ents ~ DIY & Car Care ~ Car Care"""
"{""name"": ""Simoniz Glass Cleaner Trigger 500Ml"""," ""price"": 8.2"," ""breadcrumbs"": ""Home ~ Home & Ents ~ DIY & Car Care ~ Car Care"""
"{""name"": ""Tesco Upholstery Cleaner 500Ml"""," ""price"": 3.28"," ""breadcrumbs"": ""Home ~ Home & Ents ~ DIY & Car Care ~ Car Care"""
"{""name"": ""Tesco Carded Ocean Air Freshener"""," ""price"": 1.64"," ""breadcrumbs"": ""Home ~ Home & Ents ~ DIY & Car Care ~ Car Care"""
"{""name"": ""Tesco Carded New Car Air Freshener"""," ""price"": 1.64"," ""breadcrumbs"": ""Home ~ Home & Ents ~ DIY & Car Care ~ Car Care"""
"{""name"": ""Tesco Carded Fresh Linen Air Freshener"""," ""price"": 1.64"," ""breadcrumbs"": ""Home ~ Home & Ents ~ DIY & Car Care ~ Car Care"""
"{""name"": ""Tesco Car Shampoo 1L"""," ""price"": 2.46"," ""breadcrumbs"": ""Home ~ Home & Ents ~ DIY & Car Care ~ Car Care"""
"{""name"": ""Tesco Wheel Cleaner 500Ml"""," ""price"": 3.28"," ""breadcrumbs"": ""Home ~ Home & Ents ~ DIY & Car Care ~ Car Care"""
"{""name"": ""Simoniz Leather Wipes 20 Pack"""," ""price"": 4.92"," ""breadcrumbs"": ""Home ~ Home & Ents ~ DIY & Car Care ~ Car Care"""
"{""name"": ""Tesco Tyre And Bumper Shine 500Ml"""," ""price"": 3.28"," ""breadcrumbs"": ""Home ~ Home & Ents ~ DIY & Car Care ~ Car Care"""
"{""name"": ""Simoniz Microfibre Wash Mitt"""," ""price"": 6.56"," ""breadcrumbs"": ""Home ~ Home & Ents ~ DIY & Car Care ~ Car Care"""
"{""name"": ""Little Tree Black Ice"""," ""price"": 2.46"," ""breadcrumbs"": ""Home ~ Home & Ents ~ DIY & Car Care ~ Car Care"""
"{""name"": ""Jelly Belly Air Freshener Very Cherry"""," ""price"": 4.51"," ""breadcrumbs"": ""Home ~ Home & Ents ~ DIY & Car Care ~ Car Care"""
"{""name"": ""Tesco 15W40 Mineral Oil 2L"""," ""price"": 16.4"," ""breadcrumbs"": ""Home ~ Home & Ents ~ DIY & Car Care ~ Car Care"""
"{""name"": ""Castrol Edge 5W-30 1L"""," ""price"": 26.24"," ""breadcrumbs"": ""Home ~ Home & Ents ~ DIY & Car Care ~ Car Care"""
"{""name"": ""Ring First Aid Kit"""," ""price"": 19.68"," ""breadcrumbs"": ""Home ~ Home & Ents ~ DIY & Car Care ~ Car Care"""
"{""name"": ""The Organic Oranges"""," ""price"": 5.99"," ""breadcrumbs"": ""Home ~ Fruits and Vegetables"""
"{""name"": ""Red Apples - Thailand"""," ""price"": 12.97"," ""breadcrumbs"": ""Home ~ Fruits and Vegetables"""
"{""name"": ""Mother's Recipe Pasta"""," ""price"": 30.45"," ""breadcrumbs"": ""Home ~ Food Supplies"""
"{""name"": ""Ceaser Organic Salad"""," ""price"": 9.37"," ""breadcrumbs"": ""Home ~ Fruits and Vegetables"""
"{""name"": ""Keto Krack's Chocolate Bar - No Sugar"""," ""price"": 11," ""breadcrumbs"": ""Home ~ Chocolates"""
"{""name"": ""Aeryon Protien Powder"""," ""price"": 26.24"," ""breadcrumbs"": ""Home ~ Health and Fitness"""
"{""name"": ""Farmer's Fresh Cut Vegetbales"""," ""price"": 6.99"," ""breadcrumbs"": ""Home ~ Fruits and Vegetables"""
"{""name"": ""Nicks Sticks Grassfed Beefsnack Sticks """," ""price"": 6.24"," ""breadcrumbs"": ""Home ~ Meat"""